round,query,prec10
1,cat,1.0
1,dog,1.0
1,plane,1.0
1,clothes,1.0
1,car,1.0
2,cat,0.8
2,dog,0.8
2,plane,0.8
2,clothes,0.9
2,car,0.9
3,cat,0.8
3,dog,0.8
3,plane,0.8
3,clothes,0.9
3,car,0.9
4,cat,0.8
4,dog,0.8
4,plane,0.7
4,clothes,0.9
4,car,0.9
5,cat,0.8
5,dog,0.8
5,plane,0.7
5,clothes,0.9
5,car,0.9
6,cat,0.8
6,dog,0.8
6,plane,0.7
6,clothes,0.9
6,car,0.9
7,cat,0.7
7,dog,0.8
7,plane,0.8
7,clothes,0.9
7,car,0.9
8,cat,0.7
8,dog,0.8
8,plane,0.8
8,clothes,0.9
8,car,0.8
9,cat,0.7
9,dog,0.8
9,plane,0.8
9,clothes,0.9
9,car,0.8
10,cat,0.7
10,dog,0.8
10,plane,0.8
10,clothes,0.9
10,car,0.8
11,cat,0.7
11,dog,0.8
11,plane,0.8
11,clothes,0.9
11,car,0.8
12,cat,0.7
12,dog,0.8
12,plane,0.8
12,clothes,0.9
12,car,0.8
13,cat,0.7
13,dog,0.8
13,plane,0.8
13,clothes,0.9
13,car,0.8
14,cat,0.7
14,dog,0.8
14,plane,0.8
14,clothes,0.9
14,car,0.8
15,cat,0.7
15,dog,0.8
15,plane,0.8
15,clothes,0.9
15,car,0.8
16,cat,0.7
16,dog,0.8
16,plane,0.8
16,clothes,0.9
16,car,0.8
17,cat,0.7
17,dog,0.8
17,plane,0.8
17,clothes,0.9
17,car,0.8
18,cat,0.7
18,dog,0.8
18,plane,0.8
18,clothes,0.9
18,car,0.8
19,cat,0.7
19,dog,0.8
19,plane,0.8
19,clothes,0.9
19,car,0.8
20,cat,0.7
20,dog,0.8
20,plane,0.8
20,clothes,0.9
20,car,0.8
21,cat,0.7
21,dog,0.8
21,plane,0.8
21,clothes,0.9
21,car,0.8
22,cat,0.7
22,dog,0.8
22,plane,0.7
22,clothes,0.9
22,car,0.8
23,cat,0.7
23,dog,0.8
23,plane,0.7
23,clothes,0.9
23,car,0.8
24,cat,0.7
24,dog,0.8
24,plane,0.7
24,clothes,0.9
24,car,0.8
25,cat,0.7
25,dog,0.8
25,plane,0.7
25,clothes,0.9
25,car,0.8
26,cat,0.7
26,dog,0.8
26,plane,0.7
26,clothes,0.9
26,car,0.8
27,cat,0.7
27,dog,0.8
27,plane,0.7
27,clothes,0.9
27,car,0.8
28,cat,0.7
28,dog,0.8
28,plane,0.7
28,clothes,0.9
28,car,0.8
29,cat,0.7
29,dog,0.8
29,plane,0.7
29,clothes,0.9
29,car,0.8
30,cat,0.7
30,dog,0.8
30,plane,0.7
30,clothes,0.9
30,car,0.8
31,cat,0.7
31,dog,0.8
31,plane,0.7
31,clothes,0.9
31,car,0.8
32,cat,0.7
32,dog,0.8
32,plane,0.7
32,clothes,0.9
32,car,0.8
33,cat,0.7
33,dog,0.8
33,plane,0.7
33,clothes,0.9
33,car,0.8
34,cat,0.7
34,dog,0.8
34,plane,0.7
34,clothes,0.9
34,car,0.8
35,cat,0.7
35,dog,0.8
35,plane,0.7
35,clothes,0.9
35,car,0.8
36,cat,0.7
36,dog,0.8
36,plane,0.7
36,clothes,0.9
36,car,0.8
37,cat,0.7
37,dog,0.8
37,plane,0.7
37,clothes,0.9
37,car,0.8
38,cat,0.7
38,dog,0.8
38,plane,0.7
38,clothes,0.9
38,car,0.8
39,cat,0.7
39,dog,0.8
39,plane,0.7
39,clothes,0.9
39,car,0.8
40,cat,0.7
40,dog,0.8
40,plane,0.7
40,clothes,0.9
40,car,0.8
41,cat,0.7
41,dog,0.8
41,plane,0.7
41,clothes,0.9
41,car,0.8
42,cat,0.7
42,dog,0.8
42,plane,0.7
42,clothes,0.9
42,car,0.8
43,cat,0.7
43,dog,0.8
43,plane,0.7
43,clothes,0.9
43,car,0.8
44,cat,0.7
44,dog,0.8
44,plane,0.7
44,clothes,0.9
44,car,0.8
45,cat,0.7
45,dog,0.8
45,plane,0.7
45,clothes,0.9
45,car,0.8
46,cat,0.7
46,dog,0.8
46,plane,0.7
46,clothes,0.9
46,car,0.8
47,cat,0.7
47,dog,0.8
47,plane,0.7
47,clothes,0.9
47,car,0.8
48,cat,0.7
48,dog,0.8
48,plane,0.7
48,clothes,0.9
48,car,0.8
49,cat,0.7
49,dog,0.8
49,plane,0.7
49,clothes,0.9
49,car,0.8
50,cat,0.7
50,dog,0.8
50,plane,0.7
50,clothes,0.9
50,car,0.8
51,cat,0.7
51,dog,0.8
51,plane,0.7
51,clothes,0.9
51,car,0.8
52,cat,0.7
52,dog,0.8
52,plane,0.7
52,clothes,0.9
52,car,0.8
53,cat,0.7
53,dog,0.8
53,plane,0.7
53,clothes,0.9
53,car,0.8
54,cat,0.7
54,dog,0.8
54,plane,0.7
54,clothes,0.9
54,car,0.8
55,cat,0.7
55,dog,0.8
55,plane,0.7
55,clothes,0.9
55,car,0.8
56,cat,0.7
56,dog,0.8
56,plane,0.7
56,clothes,0.9
56,car,0.8
57,cat,0.7
57,dog,0.8
57,plane,0.7
57,clothes,0.9
57,car,0.8
58,cat,0.7
58,dog,0.8
58,plane,0.7
58,clothes,0.9
58,car,0.8
59,cat,0.7
59,dog,0.8
59,plane,0.7
59,clothes,0.9
59,car,0.8
60,cat,0.7
60,dog,0.8
60,plane,0.7
60,clothes,0.9
60,car,0.8
61,cat,0.7
61,dog,0.8
61,plane,0.7
61,clothes,0.9
61,car,0.8
62,cat,0.7
62,dog,0.8
62,plane,0.7
62,clothes,0.9
62,car,0.8
63,cat,0.7
63,dog,0.8
63,plane,0.7
63,clothes,0.9
63,car,0.8
64,cat,0.7
64,dog,0.8
64,plane,0.7
64,clothes,0.9
64,car,0.8
65,cat,0.7
65,dog,0.8
65,plane,0.7
65,clothes,0.9
65,car,0.8
66,cat,0.7
66,dog,0.8
66,plane,0.7
66,clothes,0.9
66,car,0.8
67,cat,0.7
67,dog,0.8
67,plane,0.7
67,clothes,0.9
67,car,0.8
68,cat,0.7
68,dog,0.8
68,plane,0.7
68,clothes,0.9
68,car,0.8
69,cat,0.7
69,dog,0.8
69,plane,0.7
69,clothes,0.9
69,car,0.8
70,cat,0.7
70,dog,0.8
70,plane,0.7
70,clothes,0.9
70,car,0.8
71,cat,0.7
71,dog,0.8
71,plane,0.7
71,clothes,0.9
71,car,0.8
72,cat,0.7
72,dog,0.8
72,plane,0.7
72,clothes,0.9
72,car,0.8
73,cat,0.7
73,dog,0.8
73,plane,0.7
73,clothes,0.9
73,car,0.8
74,cat,0.7
74,dog,0.8
74,plane,0.7
74,clothes,0.9
74,car,0.8
75,cat,0.7
75,dog,0.8
75,plane,0.7
75,clothes,0.9
75,car,0.8
76,cat,0.7
76,dog,0.8
76,plane,0.7
76,clothes,0.9
76,car,0.8
77,cat,0.7
77,dog,0.8
77,plane,0.7
77,clothes,0.9
77,car,0.8
78,cat,0.7
78,dog,0.8
78,plane,0.7
78,clothes,0.9
78,car,0.8
79,cat,0.7
79,dog,0.8
79,plane,0.7
79,clothes,0.9
79,car,0.8
80,cat,0.7
80,dog,0.8
80,plane,0.7
80,clothes,0.9
80,car,0.8
81,cat,0.7
81,dog,0.8
81,plane,0.7
81,clothes,0.9
81,car,0.8
82,cat,0.7
82,dog,0.8
82,plane,0.7
82,clothes,0.9
82,car,0.8
83,cat,0.7
83,dog,0.8
83,plane,0.7
83,clothes,0.9
83,car,0.8
84,cat,0.7
84,dog,0.8
84,plane,0.7
84,clothes,0.9
84,car,0.8
85,cat,0.7
85,dog,0.8
85,plane,0.7
85,clothes,0.9
85,car,0.8
86,cat,0.7
86,dog,0.8
86,plane,0.7
86,clothes,0.9
86,car,0.8
87,cat,0.7
87,dog,0.8
87,plane,0.7
87,clothes,0.9
87,car,0.8
88,cat,0.7
88,dog,0.8
88,plane,0.7
88,clothes,0.9
88,car,0.8
89,cat,0.7
89,dog,0.8
89,plane,0.7
89,clothes,0.9
89,car,0.8
90,cat,0.7
90,dog,0.8
90,plane,0.7
90,clothes,0.9
90,car,0.8
91,cat,0.7
91,dog,0.8
91,plane,0.7
91,clothes,0.9
91,car,0.8
92,cat,0.7
92,dog,0.8
92,plane,0.7
92,clothes,0.9
92,car,0.8
93,cat,0.7
93,dog,0.8
93,plane,0.7
93,clothes,0.9
93,car,0.8
94,cat,0.7
94,dog,0.8
94,plane,0.7
94,clothes,0.9
94,car,0.8
95,cat,0.7
95,dog,0.8
95,plane,0.7
95,clothes,0.9
95,car,0.8
96,cat,0.7
96,dog,0.8
96,plane,0.7
96,clothes,0.9
96,car,0.8
97,cat,0.7
97,dog,0.8
97,plane,0.7
97,clothes,0.9
97,car,0.8
98,cat,0.7
98,dog,0.8
98,plane,0.7
98,clothes,0.9
98,car,0.8
99,cat,0.7
99,dog,0.8
99,plane,0.7
99,clothes,0.9
99,car,0.8
100,cat,0.7
100,dog,0.8
100,plane,0.7
100,clothes,0.9
100,car,0.8
101,cat,0.7
101,dog,0.8
101,plane,0.7
101,clothes,0.9
101,car,0.8
102,cat,0.7
102,dog,0.8
102,plane,0.7
102,clothes,0.9
102,car,0.8
103,cat,0.7
103,dog,0.8
103,plane,0.7
103,clothes,0.9
103,car,0.8
104,cat,0.7
104,dog,0.8
104,plane,0.7
104,clothes,0.9
104,car,0.8
105,cat,0.7
105,dog,0.8
105,plane,0.7
105,clothes,0.9
105,car,0.8
106,cat,0.7
106,dog,0.8
106,plane,0.7
106,clothes,0.9
106,car,0.8
107,cat,0.7
107,dog,0.8
107,plane,0.7
107,clothes,0.9
107,car,0.8
108,cat,0.7
108,dog,0.8
108,plane,0.7
108,clothes,0.9
108,car,0.8
109,cat,0.7
109,dog,0.8
109,plane,0.7
109,clothes,0.9
109,car,0.8
110,cat,0.7
110,dog,0.8
110,plane,0.7
110,clothes,0.9
110,car,0.8
111,cat,0.7
111,dog,0.8
111,plane,0.7
111,clothes,0.9
111,car,0.8
112,cat,0.7
112,dog,0.8
112,plane,0.7
112,clothes,0.9
112,car,0.8
113,cat,0.7
113,dog,0.8
113,plane,0.7
113,clothes,0.9
113,car,0.8
114,cat,0.7
114,dog,0.8
114,plane,0.7
114,clothes,0.9
114,car,0.8
115,cat,0.7
115,dog,0.8
115,plane,0.7
115,clothes,0.9
115,car,0.8
116,cat,0.7
116,dog,0.8
116,plane,0.7
116,clothes,0.9
116,car,0.8
117,cat,0.7
117,dog,0.8
117,plane,0.7
117,clothes,0.9
117,car,0.8
118,cat,0.7
118,dog,0.8
118,plane,0.7
118,clothes,0.9
118,car,0.8
119,cat,0.7
119,dog,0.8
119,plane,0.7
119,clothes,0.9
119,car,0.8
120,cat,0.7
120,dog,0.8
120,plane,0.7
120,clothes,0.9
120,car,0.8
121,cat,0.7
121,dog,0.8
121,plane,0.7
121,clothes,0.9
121,car,0.8
122,cat,0.7
122,dog,0.8
122,plane,0.7
122,clothes,0.9
122,car,0.8
123,cat,0.7
123,dog,0.8
123,plane,0.7
123,clothes,0.9
123,car,0.8
124,cat,0.7
124,dog,0.8
124,plane,0.7
124,clothes,0.9
124,car,0.8
125,cat,0.7
125,dog,0.8
125,plane,0.7
125,clothes,0.9
125,car,0.8
126,cat,0.7
126,dog,0.8
126,plane,0.7
126,clothes,0.9
126,car,0.8
127,cat,0.7
127,dog,0.8
127,plane,0.7
127,clothes,0.9
127,car,0.8
128,cat,0.7
128,dog,0.8
128,plane,0.7
128,clothes,0.9
128,car,0.8
129,cat,0.7
129,dog,0.8
129,plane,0.7
129,clothes,0.9
129,car,0.8
130,cat,0.7
130,dog,0.8
130,plane,0.7
130,clothes,0.9
130,car,0.8
131,cat,0.7
131,dog,0.8
131,plane,0.7
131,clothes,0.9
131,car,0.8
132,cat,0.7
132,dog,0.8
132,plane,0.7
132,clothes,0.9
132,car,0.8
133,cat,0.7
133,dog,0.8
133,plane,0.7
133,clothes,0.9
133,car,0.8
134,cat,0.7
134,dog,0.8
134,plane,0.7
134,clothes,0.9
134,car,0.8
135,cat,0.7
135,dog,0.8
135,plane,0.7
135,clothes,0.9
135,car,0.8
136,cat,0.7
136,dog,0.8
136,plane,0.7
136,clothes,0.9
136,car,0.8
137,cat,0.7
137,dog,0.8
137,plane,0.7
137,clothes,0.9
137,car,0.8
138,cat,0.7
138,dog,0.8
138,plane,0.7
138,clothes,0.9
138,car,0.8
139,cat,0.7
139,dog,0.8
139,plane,0.7
139,clothes,0.9
139,car,0.8
140,cat,0.7
140,dog,0.8
140,plane,0.7
140,clothes,0.9
140,car,0.8
141,cat,0.7
141,dog,0.8
141,plane,0.7
141,clothes,0.9
141,car,0.8
142,cat,0.7
142,dog,0.8
142,plane,0.7
142,clothes,0.9
142,car,0.8
143,cat,0.7
143,dog,0.8
143,plane,0.7
143,clothes,0.9
143,car,0.8
144,cat,0.7
144,dog,0.8
144,plane,0.7
144,clothes,0.9
144,car,0.8
145,cat,0.7
145,dog,0.8
145,plane,0.7
145,clothes,0.9
145,car,0.8
146,cat,0.7
146,dog,0.8
146,plane,0.7
146,clothes,0.9
146,car,0.8
147,cat,0.7
147,dog,0.8
147,plane,0.7
147,clothes,0.9
147,car,0.8
148,cat,0.7
148,dog,0.8
148,plane,0.7
148,clothes,0.9
148,car,0.8
149,cat,0.7
149,dog,0.8
149,plane,0.7
149,clothes,0.9
149,car,0.8
150,cat,0.7
150,dog,0.8
150,plane,0.7
150,clothes,0.9
150,car,0.8
151,cat,0.7
151,dog,0.8
151,plane,0.7
151,clothes,0.9
151,car,0.8
152,cat,0.7
152,dog,0.8
152,plane,0.7
152,clothes,0.9
152,car,0.8
153,cat,0.7
153,dog,0.8
153,plane,0.7
153,clothes,0.9
153,car,0.8
154,cat,0.7
154,dog,0.8
154,plane,0.7
154,clothes,0.9
154,car,0.8
155,cat,0.7
155,dog,0.8
155,plane,0.7
155,clothes,0.9
155,car,0.8
156,cat,0.7
156,dog,0.8
156,plane,0.7
156,clothes,0.9
156,car,0.8
157,cat,0.7
157,dog,0.8
157,plane,0.7
157,clothes,0.9
157,car,0.8
158,cat,0.7
158,dog,0.8
158,plane,0.7
158,clothes,0.9
158,car,0.8
159,cat,0.7
159,dog,0.8
159,plane,0.7
159,clothes,0.9
159,car,0.8
160,cat,0.7
160,dog,0.8
160,plane,0.7
160,clothes,0.9
160,car,0.8
161,cat,0.7
161,dog,0.8
161,plane,0.7
161,clothes,0.9
161,car,0.8
162,cat,0.7
162,dog,0.8
162,plane,0.7
162,clothes,0.9
162,car,0.8
163,cat,0.7
163,dog,0.8
163,plane,0.7
163,clothes,0.9
163,car,0.8
164,cat,0.7
164,dog,0.8
164,plane,0.7
164,clothes,0.9
164,car,0.8
165,cat,0.7
165,dog,0.8
165,plane,0.7
165,clothes,0.9
165,car,0.8
166,cat,0.7
166,dog,0.8
166,plane,0.7
166,clothes,0.9
166,car,0.8
167,cat,0.7
167,dog,0.8
167,plane,0.7
167,clothes,0.9
167,car,0.8
168,cat,0.7
168,dog,0.8
168,plane,0.7
168,clothes,0.9
168,car,0.8
169,cat,0.7
169,dog,0.8
169,plane,0.7
169,clothes,0.9
169,car,0.8
170,cat,0.7
170,dog,0.8
170,plane,0.7
170,clothes,0.9
170,car,0.8
171,cat,0.7
171,dog,0.8
171,plane,0.7
171,clothes,0.9
171,car,0.8
172,cat,0.7
172,dog,0.8
172,plane,0.7
172,clothes,0.9
172,car,0.8
173,cat,0.7
173,dog,0.8
173,plane,0.7
173,clothes,0.9
173,car,0.8
174,cat,0.7
174,dog,0.8
174,plane,0.7
174,clothes,0.9
174,car,0.8
175,cat,0.7
175,dog,0.8
175,plane,0.7
175,clothes,0.9
175,car,0.8
176,cat,0.7
176,dog,0.8
176,plane,0.7
176,clothes,0.9
176,car,0.8
177,cat,0.7
177,dog,0.8
177,plane,0.7
177,clothes,0.9
177,car,0.8
178,cat,0.7
178,dog,0.8
178,plane,0.7
178,clothes,0.9
178,car,0.8
179,cat,0.7
179,dog,0.8
179,plane,0.7
179,clothes,0.9
179,car,0.8
180,cat,0.7
180,dog,0.8
180,plane,0.7
180,clothes,0.9
180,car,0.8
181,cat,0.7
181,dog,0.8
181,plane,0.7
181,clothes,0.9
181,car,0.8
182,cat,0.7
182,dog,0.8
182,plane,0.7
182,clothes,0.9
182,car,0.8
183,cat,0.7
183,dog,0.8
183,plane,0.7
183,clothes,0.9
183,car,0.8
184,cat,0.7
184,dog,0.8
184,plane,0.7
184,clothes,0.9
184,car,0.8
185,cat,0.7
185,dog,0.8
185,plane,0.7
185,clothes,0.9
185,car,0.8
186,cat,0.7
186,dog,0.8
186,plane,0.7
186,clothes,0.9
186,car,0.8
187,cat,0.7
187,dog,0.8
187,plane,0.7
187,clothes,0.9
187,car,0.8
188,cat,0.7
188,dog,0.8
188,plane,0.7
188,clothes,0.9
188,car,0.8
189,cat,0.7
189,dog,0.8
189,plane,0.7
189,clothes,0.9
189,car,0.8
190,cat,0.7
190,dog,0.8
190,plane,0.7
190,clothes,0.9
190,car,0.8
191,cat,0.7
191,dog,0.8
191,plane,0.7
191,clothes,0.9
191,car,0.8
192,cat,0.7
192,dog,0.8
192,plane,0.7
192,clothes,0.9
192,car,0.8
193,cat,0.7
193,dog,0.8
193,plane,0.7
193,clothes,0.9
193,car,0.8
194,cat,0.7
194,dog,0.8
194,plane,0.7
194,clothes,0.9
194,car,0.8
195,cat,0.7
195,dog,0.8
195,plane,0.7
195,clothes,0.9
195,car,0.8
196,cat,0.7
196,dog,0.8
196,plane,0.7
196,clothes,0.9
196,car,0.8
197,cat,0.7
197,dog,0.8
197,plane,0.7
197,clothes,0.9
197,car,0.8
198,cat,0.7
198,dog,0.8
198,plane,0.7
198,clothes,0.9
198,car,0.8
199,cat,0.7
199,dog,0.8
199,plane,0.7
199,clothes,0.9
199,car,0.8
200,cat,0.7
200,dog,0.8
200,plane,0.7
200,clothes,0.9
200,car,0.8
201,cat,0.7
201,dog,0.8
201,plane,0.7
201,clothes,0.9
201,car,0.8
202,cat,0.7
202,dog,0.8
202,plane,0.7
202,clothes,0.9
202,car,0.8
203,cat,0.7
203,dog,0.8
203,plane,0.7
203,clothes,0.9
203,car,0.8
204,cat,0.7
204,dog,0.8
204,plane,0.7
204,clothes,0.9
204,car,0.8
205,cat,0.7
205,dog,0.8
205,plane,0.7
205,clothes,0.9
205,car,0.8
206,cat,0.7
206,dog,0.8
206,plane,0.7
206,clothes,0.9
206,car,0.8
207,cat,0.7
207,dog,0.8
207,plane,0.7
207,clothes,0.9
207,car,0.8
208,cat,0.7
208,dog,0.8
208,plane,0.7
208,clothes,0.9
208,car,0.8
209,cat,0.7
209,dog,0.8
209,plane,0.7
209,clothes,0.9
209,car,0.8
210,cat,0.7
210,dog,0.8
210,plane,0.7
210,clothes,0.9
210,car,0.8
211,cat,0.7
211,dog,0.8
211,plane,0.7
211,clothes,0.9
211,car,0.8
212,cat,0.7
212,dog,0.8
212,plane,0.7
212,clothes,0.9
212,car,0.8
213,cat,0.7
213,dog,0.8
213,plane,0.7
213,clothes,0.9
213,car,0.8
214,cat,0.7
214,dog,0.8
214,plane,0.7
214,clothes,0.9
214,car,0.8
215,cat,0.7
215,dog,0.8
215,plane,0.7
215,clothes,0.9
215,car,0.8
216,cat,0.7
216,dog,0.8
216,plane,0.7
216,clothes,0.9
216,car,0.8
217,cat,0.7
217,dog,0.8
217,plane,0.7
217,clothes,0.9
217,car,0.8
218,cat,0.7
218,dog,0.8
218,plane,0.7
218,clothes,0.9
218,car,0.8
219,cat,0.7
219,dog,0.8
219,plane,0.7
219,clothes,0.9
219,car,0.8
220,cat,0.7
220,dog,0.8
220,plane,0.7
220,clothes,0.9
220,car,0.8
221,cat,0.7
221,dog,0.8
221,plane,0.7
221,clothes,0.9
221,car,0.8
222,cat,0.7
222,dog,0.8
222,plane,0.7
222,clothes,0.9
222,car,0.8
223,cat,0.7
223,dog,0.8
223,plane,0.7
223,clothes,0.9
223,car,0.8
224,cat,0.7
224,dog,0.8
224,plane,0.7
224,clothes,0.9
224,car,0.8
225,cat,0.7
225,dog,0.8
225,plane,0.7
225,clothes,0.9
225,car,0.8
226,cat,0.7
226,dog,0.8
226,plane,0.7
226,clothes,0.9
226,car,0.8
227,cat,0.7
227,dog,0.8
227,plane,0.7
227,clothes,0.9
227,car,0.8
228,cat,0.7
228,dog,0.8
228,plane,0.7
228,clothes,0.9
228,car,0.8
229,cat,0.7
229,dog,0.8
229,plane,0.7
229,clothes,0.9
229,car,0.8
230,cat,0.7
230,dog,0.8
230,plane,0.7
230,clothes,0.9
230,car,0.8
231,cat,0.7
231,dog,0.8
231,plane,0.7
231,clothes,0.9
231,car,0.8
232,cat,0.7
232,dog,0.8
232,plane,0.7
232,clothes,0.9
232,car,0.8
233,cat,0.7
233,dog,0.8
233,plane,0.7
233,clothes,0.9
233,car,0.8
234,cat,0.7
234,dog,0.8
234,plane,0.7
234,clothes,0.9
234,car,0.8
235,cat,0.7
235,dog,0.8
235,plane,0.7
235,clothes,0.9
235,car,0.8
236,cat,0.7
236,dog,0.8
236,plane,0.7
236,clothes,0.9
236,car,0.8
237,cat,0.7
237,dog,0.8
237,plane,0.7
237,clothes,0.9
237,car,0.8
238,cat,0.7
238,dog,0.8
238,plane,0.7
238,clothes,0.9
238,car,0.8
239,cat,0.7
239,dog,0.8
239,plane,0.7
239,clothes,0.9
239,car,0.8
240,cat,0.7
240,dog,0.8
240,plane,0.7
240,clothes,0.9
240,car,0.8
241,cat,0.7
241,dog,0.8
241,plane,0.7
241,clothes,0.9
241,car,0.8
242,cat,0.7
242,dog,0.8
242,plane,0.7
242,clothes,0.9
242,car,0.8
243,cat,0.7
243,dog,0.8
243,plane,0.7
243,clothes,0.9
243,car,0.8
244,cat,0.7
244,dog,0.8
244,plane,0.7
244,clothes,0.9
244,car,0.8
245,cat,0.7
245,dog,0.8
245,plane,0.7
245,clothes,0.9
245,car,0.8
246,cat,0.7
246,dog,0.8
246,plane,0.7
246,clothes,0.9
246,car,0.8
247,cat,0.7
247,dog,0.8
247,plane,0.7
247,clothes,0.9
247,car,0.8
248,cat,0.7
248,dog,0.8
248,plane,0.7
248,clothes,0.9
248,car,0.8
249,cat,0.7
249,dog,0.8
249,plane,0.7
249,clothes,0.9
249,car,0.8
250,cat,0.7
250,dog,0.8
250,plane,0.7
250,clothes,0.9
250,car,0.8
251,cat,0.7
251,dog,0.8
251,plane,0.7
251,clothes,0.9
251,car,0.8
252,cat,0.7
252,dog,0.8
252,plane,0.7
252,clothes,0.9
252,car,0.8
253,cat,0.7
253,dog,0.8
253,plane,0.7
253,clothes,0.9
253,car,0.8
254,cat,0.7
254,dog,0.8
254,plane,0.7
254,clothes,0.9
254,car,0.8
255,cat,0.7
255,dog,0.8
255,plane,0.7
255,clothes,0.9
255,car,0.8
256,cat,0.7
256,dog,0.8
256,plane,0.7
256,clothes,0.9
256,car,0.8
257,cat,0.7
257,dog,0.8
257,plane,0.7
257,clothes,0.9
257,car,0.8
258,cat,0.7
258,dog,0.8
258,plane,0.7
258,clothes,0.9
258,car,0.8
259,cat,0.7
259,dog,0.8
259,plane,0.7
259,clothes,0.9
259,car,0.8
260,cat,0.7
260,dog,0.8
260,plane,0.7
260,clothes,0.9
260,car,0.8
261,cat,0.7
261,dog,0.8
261,plane,0.7
261,clothes,0.9
261,car,0.8
262,cat,0.7
262,dog,0.8
262,plane,0.7
262,clothes,0.9
262,car,0.8
263,cat,0.7
263,dog,0.8
263,plane,0.7
263,clothes,0.9
263,car,0.8
264,cat,0.7
264,dog,0.8
264,plane,0.7
264,clothes,0.9
264,car,0.8
265,cat,0.7
265,dog,0.8
265,plane,0.7
265,clothes,0.9
265,car,0.8
266,cat,0.7
266,dog,0.8
266,plane,0.7
266,clothes,0.9
266,car,0.8
267,cat,0.7
267,dog,0.8
267,plane,0.7
267,clothes,0.9
267,car,0.8
268,cat,0.7
268,dog,0.8
268,plane,0.7
268,clothes,0.9
268,car,0.8
269,cat,0.7
269,dog,0.8
269,plane,0.7
269,clothes,0.9
269,car,0.8
270,cat,0.7
270,dog,0.8
270,plane,0.7
270,clothes,0.9
270,car,0.8
271,cat,0.7
271,dog,0.8
271,plane,0.7
271,clothes,0.9
271,car,0.8
272,cat,0.7
272,dog,0.8
272,plane,0.7
272,clothes,0.9
272,car,0.8
273,cat,0.7
273,dog,0.8
273,plane,0.7
273,clothes,0.9
273,car,0.8
274,cat,0.7
274,dog,0.8
274,plane,0.7
274,clothes,0.9
274,car,0.8
275,cat,0.7
275,dog,0.8
275,plane,0.7
275,clothes,0.9
275,car,0.8
276,cat,0.7
276,dog,0.8
276,plane,0.7
276,clothes,0.9
276,car,0.8
277,cat,0.7
277,dog,0.8
277,plane,0.7
277,clothes,0.9
277,car,0.8
278,cat,0.7
278,dog,0.8
278,plane,0.7
278,clothes,0.9
278,car,0.8
279,cat,0.7
279,dog,0.8
279,plane,0.7
279,clothes,0.9
279,car,0.8
280,cat,0.7
280,dog,0.8
280,plane,0.7
280,clothes,0.9
280,car,0.8
281,cat,0.7
281,dog,0.8
281,plane,0.7
281,clothes,0.9
281,car,0.8
282,cat,0.7
282,dog,0.8
282,plane,0.7
282,clothes,0.9
282,car,0.8
283,cat,0.7
283,dog,0.8
283,plane,0.7
283,clothes,0.9
283,car,0.8
284,cat,0.7
284,dog,0.8
284,plane,0.7
284,clothes,0.9
284,car,0.8
285,cat,0.7
285,dog,0.8
285,plane,0.7
285,clothes,0.9
285,car,0.8
286,cat,0.7
286,dog,0.8
286,plane,0.7
286,clothes,0.9
286,car,0.8
287,cat,0.7
287,dog,0.8
287,plane,0.7
287,clothes,0.9
287,car,0.8
288,cat,0.7
288,dog,0.8
288,plane,0.7
288,clothes,0.9
288,car,0.8
289,cat,0.7
289,dog,0.8
289,plane,0.7
289,clothes,0.9
289,car,0.8
290,cat,0.7
290,dog,0.8
290,plane,0.7
290,clothes,0.9
290,car,0.8
291,cat,0.7
291,dog,0.8
291,plane,0.7
291,clothes,0.9
291,car,0.8
292,cat,0.7
292,dog,0.8
292,plane,0.7
292,clothes,0.9
292,car,0.8
293,cat,0.7
293,dog,0.8
293,plane,0.7
293,clothes,0.9
293,car,0.8
294,cat,0.7
294,dog,0.8
294,plane,0.7
294,clothes,0.9
294,car,0.8
295,cat,0.7
295,dog,0.8
295,plane,0.7
295,clothes,0.9
295,car,0.8
296,cat,0.7
296,dog,0.8
296,plane,0.7
296,clothes,0.9
296,car,0.8
297,cat,0.7
297,dog,0.8
297,plane,0.7
297,clothes,0.9
297,car,0.8
298,cat,0.7
298,dog,0.8
298,plane,0.7
298,clothes,0.9
298,car,0.8
299,cat,0.7
299,dog,0.8
299,plane,0.7
299,clothes,0.9
299,car,0.8
300,cat,0.7
300,dog,0.8
300,plane,0.7
300,clothes,0.9
300,car,0.8
301,cat,0.7
301,dog,0.8
301,plane,0.7
301,clothes,0.9
301,car,0.8
302,cat,0.7
302,dog,0.8
302,plane,0.7
302,clothes,0.9
302,car,0.8
303,cat,0.7
303,dog,0.8
303,plane,0.7
303,clothes,0.9
303,car,0.8
304,cat,0.7
304,dog,0.8
304,plane,0.7
304,clothes,0.9
304,car,0.8
305,cat,0.7
305,dog,0.8
305,plane,0.7
305,clothes,0.9
305,car,0.8
306,cat,0.7
306,dog,0.8
306,plane,0.7
306,clothes,0.9
306,car,0.8
307,cat,0.7
307,dog,0.8
307,plane,0.7
307,clothes,0.9
307,car,0.8
308,cat,0.7
308,dog,0.8
308,plane,0.7
308,clothes,0.9
308,car,0.8
309,cat,0.7
309,dog,0.8
309,plane,0.7
309,clothes,0.9
309,car,0.8
310,cat,0.7
310,dog,0.8
310,plane,0.7
310,clothes,0.9
310,car,0.8
311,cat,0.7
311,dog,0.8
311,plane,0.7
311,clothes,0.9
311,car,0.8
312,cat,0.7
312,dog,0.8
312,plane,0.7
312,clothes,0.9
312,car,0.8
313,cat,0.7
313,dog,0.8
313,plane,0.7
313,clothes,0.9
313,car,0.8
314,cat,0.7
314,dog,0.8
314,plane,0.7
314,clothes,0.9
314,car,0.8
315,cat,0.7
315,dog,0.8
315,plane,0.7
315,clothes,0.9
315,car,0.8
316,cat,0.7
316,dog,0.8
316,plane,0.7
316,clothes,0.9
316,car,0.8
317,cat,0.7
317,dog,0.8
317,plane,0.7
317,clothes,0.9
317,car,0.8
318,cat,0.7
318,dog,0.8
318,plane,0.7
318,clothes,0.9
318,car,0.8
319,cat,0.7
319,dog,0.8
319,plane,0.7
319,clothes,0.9
319,car,0.8
320,cat,0.7
320,dog,0.8
320,plane,0.7
320,clothes,0.9
320,car,0.8
321,cat,0.7
321,dog,0.8
321,plane,0.7
321,clothes,0.9
321,car,0.8
322,cat,0.7
322,dog,0.8
322,plane,0.7
322,clothes,0.9
322,car,0.8
323,cat,0.7
323,dog,0.8
323,plane,0.7
323,clothes,0.9
323,car,0.8
324,cat,0.7
324,dog,0.8
324,plane,0.7
324,clothes,0.9
324,car,0.8
325,cat,0.7
325,dog,0.8
325,plane,0.7
325,clothes,0.9
325,car,0.8
326,cat,0.7
326,dog,0.8
326,plane,0.7
326,clothes,0.9
326,car,0.8
327,cat,0.7
327,dog,0.8
327,plane,0.7
327,clothes,0.9
327,car,0.8
328,cat,0.7
328,dog,0.8
328,plane,0.7
328,clothes,0.9
328,car,0.8
329,cat,0.7
329,dog,0.8
329,plane,0.7
329,clothes,0.9
329,car,0.8
330,cat,0.7
330,dog,0.8
330,plane,0.7
330,clothes,0.9
330,car,0.8
331,cat,0.7
331,dog,0.8
331,plane,0.7
331,clothes,0.9
331,car,0.8
332,cat,0.7
332,dog,0.8
332,plane,0.7
332,clothes,0.9
332,car,0.8
333,cat,0.7
333,dog,0.8
333,plane,0.7
333,clothes,0.9
333,car,0.8
334,cat,0.7
334,dog,0.8
334,plane,0.7
334,clothes,0.9
334,car,0.8
335,cat,0.7
335,dog,0.8
335,plane,0.7
335,clothes,0.9
335,car,0.8
336,cat,0.7
336,dog,0.8
336,plane,0.7
336,clothes,0.9
336,car,0.8
337,cat,0.7
337,dog,0.8
337,plane,0.7
337,clothes,0.9
337,car,0.8
338,cat,0.7
338,dog,0.8
338,plane,0.7
338,clothes,0.9
338,car,0.8
339,cat,0.7
339,dog,0.8
339,plane,0.7
339,clothes,0.9
339,car,0.8
340,cat,0.7
340,dog,0.8
340,plane,0.7
340,clothes,0.9
340,car,0.8
341,cat,0.7
341,dog,0.8
341,plane,0.7
341,clothes,0.9
341,car,0.8
342,cat,0.7
342,dog,0.8
342,plane,0.7
342,clothes,0.9
342,car,0.8
343,cat,0.7
343,dog,0.8
343,plane,0.7
343,clothes,0.9
343,car,0.7
344,cat,0.7
344,dog,0.8
344,plane,0.7
344,clothes,0.9
344,car,0.7
345,cat,0.7
345,dog,0.8
345,plane,0.7
345,clothes,0.9
345,car,0.7
346,cat,0.7
346,dog,0.8
346,plane,0.7
346,clothes,0.9
346,car,0.7
347,cat,0.7
347,dog,0.8
347,plane,0.7
347,clothes,0.9
347,car,0.7
348,cat,0.7
348,dog,0.8
348,plane,0.7
348,clothes,0.9
348,car,0.7
349,cat,0.7
349,dog,0.8
349,plane,0.7
349,clothes,0.9
349,car,0.7
350,cat,0.7
350,dog,0.8
350,plane,0.7
350,clothes,0.9
350,car,0.7
351,cat,0.7
351,dog,0.8
351,plane,0.7
351,clothes,0.9
351,car,0.7
352,cat,0.7
352,dog,0.8
352,plane,0.7
352,clothes,0.9
352,car,0.7
353,cat,0.7
353,dog,0.8
353,plane,0.7
353,clothes,0.9
353,car,0.7
354,cat,0.7
354,dog,0.8
354,plane,0.7
354,clothes,0.9
354,car,0.7
355,cat,0.7
355,dog,0.8
355,plane,0.7
355,clothes,0.9
355,car,0.7
356,cat,0.7
356,dog,0.8
356,plane,0.7
356,clothes,0.9
356,car,0.7
357,cat,0.7
357,dog,0.8
357,plane,0.7
357,clothes,0.9
357,car,0.7
358,cat,0.7
358,dog,0.8
358,plane,0.7
358,clothes,0.9
358,car,0.7
359,cat,0.7
359,dog,0.8
359,plane,0.7
359,clothes,0.9
359,car,0.7
360,cat,0.7
360,dog,0.8
360,plane,0.7
360,clothes,0.9
360,car,0.7
361,cat,0.7
361,dog,0.8
361,plane,0.7
361,clothes,0.9
361,car,0.7
362,cat,0.7
362,dog,0.8
362,plane,0.7
362,clothes,0.9
362,car,0.7
363,cat,0.7
363,dog,0.8
363,plane,0.7
363,clothes,0.9
363,car,0.7
364,cat,0.7
364,dog,0.8
364,plane,0.7
364,clothes,0.9
364,car,0.7
365,cat,0.7
365,dog,0.8
365,plane,0.7
365,clothes,0.9
365,car,0.7
366,cat,0.7
366,dog,0.8
366,plane,0.7
366,clothes,0.9
366,car,0.7
367,cat,0.7
367,dog,0.8
367,plane,0.7
367,clothes,0.9
367,car,0.7
368,cat,0.7
368,dog,0.8
368,plane,0.7
368,clothes,0.9
368,car,0.7
369,cat,0.7
369,dog,0.8
369,plane,0.7
369,clothes,0.9
369,car,0.7
370,cat,0.7
370,dog,0.8
370,plane,0.7
370,clothes,0.9
370,car,0.7
371,cat,0.7
371,dog,0.8
371,plane,0.7
371,clothes,0.9
371,car,0.7
372,cat,0.7
372,dog,0.8
372,plane,0.7
372,clothes,0.9
372,car,0.7
373,cat,0.7
373,dog,0.8
373,plane,0.7
373,clothes,0.9
373,car,0.7
374,cat,0.7
374,dog,0.8
374,plane,0.7
374,clothes,0.9
374,car,0.7
375,cat,0.7
375,dog,0.8
375,plane,0.7
375,clothes,0.9
375,car,0.7
376,cat,0.7
376,dog,0.8
376,plane,0.7
376,clothes,0.9
376,car,0.7
377,cat,0.7
377,dog,0.8
377,plane,0.7
377,clothes,0.9
377,car,0.7
378,cat,0.7
378,dog,0.8
378,plane,0.7
378,clothes,0.9
378,car,0.7
379,cat,0.7
379,dog,0.8
379,plane,0.7
379,clothes,0.9
379,car,0.7
380,cat,0.7
380,dog,0.8
380,plane,0.7
380,clothes,0.9
380,car,0.7
381,cat,0.7
381,dog,0.8
381,plane,0.7
381,clothes,0.9
381,car,0.7
382,cat,0.7
382,dog,0.8
382,plane,0.7
382,clothes,0.9
382,car,0.7
383,cat,0.7
383,dog,0.8
383,plane,0.7
383,clothes,0.9
383,car,0.7
384,cat,0.7
384,dog,0.8
384,plane,0.7
384,clothes,0.9
384,car,0.7
385,cat,0.7
385,dog,0.8
385,plane,0.7
385,clothes,0.9
385,car,0.7
386,cat,0.7
386,dog,0.8
386,plane,0.7
386,clothes,0.9
386,car,0.7
387,cat,0.7
387,dog,0.8
387,plane,0.7
387,clothes,0.9
387,car,0.7
388,cat,0.7
388,dog,0.8
388,plane,0.7
388,clothes,0.9
388,car,0.7
389,cat,0.7
389,dog,0.8
389,plane,0.7
389,clothes,0.9
389,car,0.7
390,cat,0.7
390,dog,0.8
390,plane,0.7
390,clothes,0.9
390,car,0.7
391,cat,0.7
391,dog,0.8
391,plane,0.7
391,clothes,0.9
391,car,0.7
392,cat,0.7
392,dog,0.8
392,plane,0.7
392,clothes,0.9
392,car,0.7
393,cat,0.7
393,dog,0.8
393,plane,0.7
393,clothes,0.9
393,car,0.7
394,cat,0.7
394,dog,0.8
394,plane,0.7
394,clothes,0.9
394,car,0.7
395,cat,0.7
395,dog,0.8
395,plane,0.7
395,clothes,0.9
395,car,0.7
396,cat,0.7
396,dog,0.8
396,plane,0.7
396,clothes,0.9
396,car,0.7
397,cat,0.7
397,dog,0.8
397,plane,0.7
397,clothes,0.9
397,car,0.7
398,cat,0.7
398,dog,0.8
398,plane,0.7
398,clothes,0.9
398,car,0.7
399,cat,0.7
399,dog,0.8
399,plane,0.7
399,clothes,0.9
399,car,0.7
400,cat,0.7
400,dog,0.8
400,plane,0.7
400,clothes,0.9
400,car,0.7
401,cat,0.7
401,dog,0.8
401,plane,0.7
401,clothes,0.9
401,car,0.7
402,cat,0.7
402,dog,0.8
402,plane,0.7
402,clothes,0.9
402,car,0.7
403,cat,0.7
403,dog,0.8
403,plane,0.7
403,clothes,0.9
403,car,0.7
404,cat,0.7
404,dog,0.8
404,plane,0.7
404,clothes,0.9
404,car,0.7
405,cat,0.7
405,dog,0.8
405,plane,0.7
405,clothes,0.9
405,car,0.7
406,cat,0.7
406,dog,0.8
406,plane,0.7
406,clothes,0.9
406,car,0.7
407,cat,0.7
407,dog,0.8
407,plane,0.7
407,clothes,0.9
407,car,0.7
408,cat,0.7
408,dog,0.8
408,plane,0.7
408,clothes,0.9
408,car,0.7
409,cat,0.7
409,dog,0.8
409,plane,0.7
409,clothes,0.9
409,car,0.7
410,cat,0.7
410,dog,0.8
410,plane,0.7
410,clothes,0.9
410,car,0.7
411,cat,0.7
411,dog,0.8
411,plane,0.7
411,clothes,0.9
411,car,0.7
412,cat,0.7
412,dog,0.8
412,plane,0.7
412,clothes,0.9
412,car,0.7
413,cat,0.7
413,dog,0.8
413,plane,0.7
413,clothes,0.9
413,car,0.7
414,cat,0.7
414,dog,0.8
414,plane,0.7
414,clothes,0.9
414,car,0.7
415,cat,0.7
415,dog,0.8
415,plane,0.7
415,clothes,0.9
415,car,0.7
416,cat,0.7
416,dog,0.8
416,plane,0.7
416,clothes,0.9
416,car,0.7
417,cat,0.7
417,dog,0.8
417,plane,0.7
417,clothes,0.9
417,car,0.7
418,cat,0.7
418,dog,0.8
418,plane,0.7
418,clothes,0.9
418,car,0.7
419,cat,0.7
419,dog,0.8
419,plane,0.7
419,clothes,0.9
419,car,0.7
420,cat,0.7
420,dog,0.8
420,plane,0.7
420,clothes,0.9
420,car,0.7
421,cat,0.7
421,dog,0.8
421,plane,0.7
421,clothes,0.9
421,car,0.7
422,cat,0.7
422,dog,0.8
422,plane,0.7
422,clothes,0.9
422,car,0.7
423,cat,0.7
423,dog,0.8
423,plane,0.7
423,clothes,0.9
423,car,0.7
424,cat,0.7
424,dog,0.8
424,plane,0.7
424,clothes,0.9
424,car,0.7
425,cat,0.7
425,dog,0.8
425,plane,0.7
425,clothes,0.9
425,car,0.7
426,cat,0.7
426,dog,0.8
426,plane,0.7
426,clothes,0.9
426,car,0.7
427,cat,0.7
427,dog,0.8
427,plane,0.7
427,clothes,0.9
427,car,0.7
428,cat,0.7
428,dog,0.8
428,plane,0.7
428,clothes,0.9
428,car,0.7
429,cat,0.7
429,dog,0.8
429,plane,0.7
429,clothes,0.9
429,car,0.7
430,cat,0.7
430,dog,0.8
430,plane,0.7
430,clothes,0.9
430,car,0.7
431,cat,0.7
431,dog,0.8
431,plane,0.7
431,clothes,0.9
431,car,0.7
432,cat,0.7
432,dog,0.8
432,plane,0.7
432,clothes,0.9
432,car,0.7
433,cat,0.7
433,dog,0.8
433,plane,0.7
433,clothes,0.9
433,car,0.7
434,cat,0.7
434,dog,0.8
434,plane,0.7
434,clothes,0.9
434,car,0.7
435,cat,0.7
435,dog,0.8
435,plane,0.7
435,clothes,0.9
435,car,0.7
436,cat,0.7
436,dog,0.8
436,plane,0.7
436,clothes,0.9
436,car,0.7
437,cat,0.7
437,dog,0.8
437,plane,0.7
437,clothes,0.9
437,car,0.7
438,cat,0.7
438,dog,0.8
438,plane,0.7
438,clothes,0.9
438,car,0.7
439,cat,0.7
439,dog,0.8
439,plane,0.7
439,clothes,0.9
439,car,0.7
440,cat,0.7
440,dog,0.8
440,plane,0.7
440,clothes,0.9
440,car,0.7
441,cat,0.7
441,dog,0.8
441,plane,0.7
441,clothes,0.9
441,car,0.7
442,cat,0.7
442,dog,0.8
442,plane,0.7
442,clothes,0.9
442,car,0.7
443,cat,0.7
443,dog,0.8
443,plane,0.7
443,clothes,0.9
443,car,0.7
444,cat,0.7
444,dog,0.8
444,plane,0.7
444,clothes,0.9
444,car,0.7
445,cat,0.7
445,dog,0.8
445,plane,0.7
445,clothes,0.9
445,car,0.7
446,cat,0.7
446,dog,0.8
446,plane,0.7
446,clothes,0.9
446,car,0.7
447,cat,0.7
447,dog,0.8
447,plane,0.7
447,clothes,0.9
447,car,0.7
448,cat,0.7
448,dog,0.8
448,plane,0.7
448,clothes,0.9
448,car,0.7
449,cat,0.7
449,dog,0.8
449,plane,0.7
449,clothes,0.9
449,car,0.7
450,cat,0.7
450,dog,0.8
450,plane,0.7
450,clothes,0.9
450,car,0.7
451,cat,0.7
451,dog,0.8
451,plane,0.7
451,clothes,0.9
451,car,0.7
452,cat,0.7
452,dog,0.8
452,plane,0.7
452,clothes,0.9
452,car,0.7
453,cat,0.7
453,dog,0.8
453,plane,0.7
453,clothes,0.9
453,car,0.7
454,cat,0.7
454,dog,0.8
454,plane,0.7
454,clothes,0.9
454,car,0.7
455,cat,0.7
455,dog,0.8
455,plane,0.7
455,clothes,0.9
455,car,0.7
456,cat,0.7
456,dog,0.8
456,plane,0.7
456,clothes,0.9
456,car,0.7
457,cat,0.7
457,dog,0.8
457,plane,0.7
457,clothes,0.9
457,car,0.7
458,cat,0.7
458,dog,0.8
458,plane,0.7
458,clothes,0.9
458,car,0.7
459,cat,0.7
459,dog,0.8
459,plane,0.7
459,clothes,0.9
459,car,0.7
460,cat,0.7
460,dog,0.8
460,plane,0.7
460,clothes,0.9
460,car,0.7
461,cat,0.7
461,dog,0.8
461,plane,0.7
461,clothes,0.9
461,car,0.7
462,cat,0.7
462,dog,0.8
462,plane,0.7
462,clothes,0.9
462,car,0.7
463,cat,0.7
463,dog,0.8
463,plane,0.7
463,clothes,0.9
463,car,0.7
464,cat,0.7
464,dog,0.8
464,plane,0.7
464,clothes,0.9
464,car,0.7
465,cat,0.7
465,dog,0.8
465,plane,0.7
465,clothes,0.9
465,car,0.7
466,cat,0.7
466,dog,0.8
466,plane,0.7
466,clothes,0.9
466,car,0.7
467,cat,0.7
467,dog,0.8
467,plane,0.7
467,clothes,0.9
467,car,0.7
468,cat,0.7
468,dog,0.8
468,plane,0.7
468,clothes,0.9
468,car,0.7
469,cat,0.7
469,dog,0.8
469,plane,0.7
469,clothes,0.9
469,car,0.7
470,cat,0.7
470,dog,0.8
470,plane,0.7
470,clothes,0.9
470,car,0.7
471,cat,0.7
471,dog,0.8
471,plane,0.7
471,clothes,0.9
471,car,0.7
472,cat,0.7
472,dog,0.8
472,plane,0.7
472,clothes,0.9
472,car,0.7
473,cat,0.7
473,dog,0.8
473,plane,0.7
473,clothes,0.9
473,car,0.7
474,cat,0.7
474,dog,0.8
474,plane,0.7
474,clothes,0.9
474,car,0.7
475,cat,0.7
475,dog,0.8
475,plane,0.7
475,clothes,0.9
475,car,0.7
476,cat,0.7
476,dog,0.8
476,plane,0.7
476,clothes,0.9
476,car,0.7
477,cat,0.7
477,dog,0.8
477,plane,0.7
477,clothes,0.9
477,car,0.7
478,cat,0.7
478,dog,0.8
478,plane,0.7
478,clothes,0.9
478,car,0.7
479,cat,0.7
479,dog,0.8
479,plane,0.7
479,clothes,0.9
479,car,0.7
480,cat,0.7
480,dog,0.8
480,plane,0.7
480,clothes,0.9
480,car,0.7
481,cat,0.7
481,dog,0.8
481,plane,0.7
481,clothes,0.9
481,car,0.7
482,cat,0.7
482,dog,0.8
482,plane,0.7
482,clothes,0.9
482,car,0.7
483,cat,0.7
483,dog,0.8
483,plane,0.7
483,clothes,0.9
483,car,0.7
484,cat,0.7
484,dog,0.8
484,plane,0.7
484,clothes,0.9
484,car,0.7
485,cat,0.7
485,dog,0.8
485,plane,0.7
485,clothes,0.9
485,car,0.7
486,cat,0.7
486,dog,0.8
486,plane,0.7
486,clothes,0.9
486,car,0.7
487,cat,0.7
487,dog,0.8
487,plane,0.7
487,clothes,0.9
487,car,0.7
488,cat,0.7
488,dog,0.8
488,plane,0.7
488,clothes,0.9
488,car,0.7
489,cat,0.7
489,dog,0.8
489,plane,0.7
489,clothes,0.9
489,car,0.7
490,cat,0.7
490,dog,0.8
490,plane,0.7
490,clothes,0.9
490,car,0.7
491,cat,0.7
491,dog,0.8
491,plane,0.7
491,clothes,0.9
491,car,0.7
492,cat,0.7
492,dog,0.8
492,plane,0.7
492,clothes,0.9
492,car,0.7
493,cat,0.7
493,dog,0.8
493,plane,0.7
493,clothes,0.9
493,car,0.7
494,cat,0.7
494,dog,0.8
494,plane,0.7
494,clothes,0.9
494,car,0.7
495,cat,0.7
495,dog,0.8
495,plane,0.7
495,clothes,0.9
495,car,0.7
496,cat,0.7
496,dog,0.8
496,plane,0.7
496,clothes,0.9
496,car,0.7
497,cat,0.7
497,dog,0.8
497,plane,0.7
497,clothes,0.9
497,car,0.7
498,cat,0.7
498,dog,0.8
498,plane,0.7
498,clothes,0.9
498,car,0.7
499,cat,0.7
499,dog,0.8
499,plane,0.7
499,clothes,0.9
499,car,0.7
500,cat,0.7
500,dog,0.8
500,plane,0.7
500,clothes,0.9
500,car,0.7
